1,2,3,4,5,6,7,8,9,10,11,12,13,14
7.72,37,124.26,3.66,3.41,0.2536,27.43926829,0.435,1.575714286,60.32738095,6.131579483,15.82402098,85.99,1
9.17,77,121.36,7.8,4.1,4.7898,29.81151943,0.373038869,1.874487633,170.0271378,2.046075682,21.8880885,96.16,1
9.17,52,121.36,2,0.74,1.7242,29.44885906,0.617905405,0.9503125,115.7072483,3.67476227,19.93216928,96.27,1
9.17,30,121.36,4.42,1.99,5.966,21.5407177,0.600382775,1.380095694,285.4545455,12.74281528,31.20189028,97.7,1
9.17,52,121.36,3.15,2.64,1.2274,29.85141892,0.405918367,0.717586207,82.91641892,2.79798859,17.11600408,85.25,1
7.72,40,124.26,7,11.18,0.6585,29.38409091,0.620454545,3.8,299.2986364,2.643438704,18.4285398,90.02,1
9.17,58,121.36,10.47,1.48,1.4809,24.80487395,0.432352941,0.690588235,124.4330252,10.61361357,28.19543903,90,1
9.17,44,121.36,2,3.48,0.1333,26.8545,0.481,0.666,69.15,4.975770213,11.92008825,75.11,1
9.17,55,121.36,3.21,3.02,3.734,28.94461929,0.521522843,1.38071066,189.565533,4.185264905,13.27363053,97.84,1
7.72,84,124.26,0,2.58,2.5208,22.20503906,0.339960938,1.720507813,98.46875,12.29190188,26.47509406,91.9,1
6.98,48,125.74,0,12.19,1.5692,28.30140845,0.496619718,1.836197183,222.9859155,5.702843726,7.551534016,37.7,1
6.2,50,127.3,0,1.03,7.2341,28.50811594,0.902086957,2.238434783,209.684058,5.848533625,34.56845243,97.8,1
7.72,140,124.26,8.89,2.94,6.4247,19.41916667,0.327808765,0.863864542,69.69488095,13.99579713,42.30446803,99.99,1
7,53,132,3.33,2.16,9.3438,25.16616,0.702654691,1.517884232,186.497505,10.25367097,37.56217313,100,1
7.72,51,124.26,9.64,2.29,11.5426,28.877725,1.036175,1.690825,288.6232,4.60799959,20.88825346,98.52,1
7.72,69,124.26,4.12,0.02,0.401,27.48714286,0.4012,1.987,80.157,6.550485669,12.82462247,100,1
8.05,67,161.7,5.54,1.84,9.5472,28.69008475,0.446062323,1.897932011,325.4161602,5.67347511,25.91564287,97.8,1
7.72,33,124.26,11.66,10.52,2.2845,29.62981481,0.46,2.204259259,211.525,1.978433715,2.392193944,97.87,1
9.17,32,121.36,8.69,3.86,3.4289,28.60709677,0.317556561,1.274615385,155.2006335,5.490890044,15.71315629,98.49,1
9.17,60,121.36,6.79,9.42,0.5177,28.28588235,1.123529412,4.488235294,315.1764706,6.280130431,17.84487074,77.4,1
7.72,62,124.26,0,2.81,0.0885,20.76375,0.56625,1.9,110.625,9.481173733,33.57208662,95.5,1
7.72,40,124.26,4.04,0.97,1.2289,29.42071429,0.364017857,1.156696429,109.8103571,4.245204972,11.91713302,98.51,1
9.17,32,121.36,3.19,4.47,1.9901,29.09286713,0.778321678,2.861818182,139.3862238,3.790851965,14.908169,98.96,1
9.17,46,121.36,2.42,5.35,1.9336,28.95833333,0.390454545,1.044545455,292.9748485,4.714721489,9.143392443,96.1,1
7.72,49,124.26,6.87,4.13,1.4127,29.4338,0.548039216,1.099313725,139.0717647,3.807583284,17.78161265,92.33,1
9.17,133,121.36,4.42,5.97,0.4292,28.87588235,0.48875,2.040625,252.4705882,3.220516377,15.40100511,77.4,1
7.72,39,124.26,7.83,2.23,0.7817,28.48980392,0.306666667,5.324117647,76.63401961,5.545123802,17.21293416,98.09,1
9.17,30,121.36,3.23,6.88,2.5231,29.77450549,0.430769231,1.652527473,277.2712088,3.146632508,21.62991154,93.34,1
7.7,29,124.26,10.57,2.34,7.7261,27.31058252,0.825873786,2.337912621,375.0533981,7.156576621,27.68888756,92.8,1
7.72,108,124.26,0,20.19,3.7367,28.13285714,1.057619048,3.184126984,600.6825397,6.53214889,16.41833457,56.9,1
7.72,67,124.26,1.27,0.36,0.3287,28.84571429,0.475,1.177857143,78.25214286,5.030309666,13.75785803,94.01,1
7.72,51,124.26,1.63,4.14,1.246,29.38696429,0.401785714,0.8925,222.4489286,3.130413809,12.17452407,66.22,1
9.17,60,121.36,3.95,3.62,14.8314,26.91911765,0.624934641,2.633660131,484.6862745,7.705198641,28.59283125,90.4,1
7.72,55,124.26,6.22,7.43,1.2204,28.27511628,0.18627907,0.317529412,142.1331395,4.877709623,10.25311127,98.06,1
7.72,43,124.26,2.2,1.13,1.245,28.33858156,0.319432624,0.439858156,88.57787234,6.41003004,20.47130975,96.5,1
9.17,90,121.36,3.72,3.8,2.6105,29.0915,0.5204,1.835,261.0544,4.566515896,33.26295297,88.04,1
9.17,40,121.36,4.94,12.34,3.1797,29.53941176,0.599705882,2.568088235,467.6033824,2.366767985,6.186561294,92.92,1
7.72,32,124.26,4.59,4.49,0.5115,28.40064516,0.306129032,2.261612903,168.2903226,5.924387977,18.95258959,99.99,1
6.5,73,82.25,7.1,1.58,0.0463,23.2075,0.46375,1.7825,59.5,10.99905418,19.08372437,93.18,1
8,92,130,10.82,5.64,11.3942,28.70934659,0.645227273,1.835369318,323.6988636,5.514423757,35.24012034,98.7,1
9.17,96,121.36,0,8.04,2.9098,28.49112903,0.471774194,2.162580645,471.6774194,5.384039286,13.56182467,92.2,1
9.17,33,121.36,3.95,2.1,0.0076,16.115,0.475,1.875,38,6.908433252,2.142533547,66.67,1
9.17,27,121.36,3.98,4.81,0.2157,27.69909091,1.089090909,3.038181818,196.0909091,7.101151251,7.136730471,20.29,1
9.17,40,121.36,9.62,2.39,0.2137,27.36705882,0.464705882,2.457058824,128.1764706,7.360043108,7.444715605,96.28,1
9.17,32,121.36,9.95,4.84,1.9941,29.82495495,0.259770992,0.839083969,152.2306107,2.874595268,4.513441314,95.54,1
7.52,56,111.95,8.26,8.03,12.6277,28.74836788,0.604559585,1.953393782,327.1374093,5.320124857,23.26989946,97.32,1
9.17,39,121.36,9.8,6.86,3.4956,29.91504587,0.468440367,2.07440367,320.7388073,1.822271488,8.065220953,94.82,1
9.17,143,121.36,0,7.75,1.3105,25.763,1.101666667,2.401666667,436.8333333,8.357129993,16.89271624,75,1
6.98,58,125.74,0,4.69,3.0847,26.36027778,0.422530864,1.091820988,94.91049383,8.289477174,22.78619888,95.7,1
9.17,35,121.36,8.25,4.03,3.6234,28.60531532,0.768198198,3.072252252,326.4345045,4.429025713,29.3028258,92.78,1
9.17,18,121.36,3.06,6.42,0.1192,26.65333333,0.486666667,1.916666667,198.6666667,5.032799089,3.204372013,74.5,1
7.72,87,124.26,3.22,2.37,1.7527,28.844,0.614639175,3.081134021,180.682268,4.777351576,15.81497215,98.3,1
6.2,74,127.3,9.3,3.3,7.465,29.15509259,0.523634259,1.675694444,172.7985417,4.434197102,30.58893977,98.6,1
9.17,30,121.36,2.93,1.97,1.3307,29.45820988,0.346419753,1.879814815,82.14240741,3.715117832,12.2436654,97.66,1
7.72,48,124.26,7.94,2.06,0.4065,27.28761905,0.678571429,2.995238095,193.4995238,6.19145371,13.78174825,93.33,1
9.17,98,121.36,3.88,2.03,0.1271,17.45722222,0.561111111,1.211111111,70.63444444,12.84809567,24.11422743,83.16,1
7.72,77,124.26,8.8,1.29,5.2954,28.49484756,0.530332326,0.846941896,159.5041566,5.649353131,30.9801395,100,0
7.72,49,124.26,3.03,6.04,2.3835,28.24561111,0.837282609,1.650434783,128.8421622,6.323923554,16.01773112,100,0
9.17,127,121.36,4.82,2.8,0.033,6.525333333,0.463333333,1.606666667,22.6,10.97915419,24.09212873,93.7,0
7.72,67,124.26,2.28,5.51,0.4167,25.02,0.310512821,1.092368421,126.7793182,11.05583672,30.20245065,97.29,0
7.72,82,124.26,4.11,1.23,2.0642,29.50990521,0.335420561,1.872383178,123.2426168,3.427869808,25.59041621,97.86,0
7.72,76,124.26,1.63,1.46,0.0801,28.21133333,0.355333333,0.468,53.85733333,6.713762908,7.952370237,90.48,0
9.17,22,121.36,6.64,1.5,6.0702,29.23030675,0.470555556,2.225802469,372.4082209,4.279618568,21.43694154,98.76,0
7.72,146,124.26,0,3.87,0.953,20.84542056,0.793224299,1.447663551,62.82827907,13.01275108,35.94737424,97.9,0
7.72,98,124.26,8.18,0.27,2.3764,24.94445255,0.686934307,2.048467153,173.7923358,10.84982366,29.1396754,100,0
9.17,117,121.36,3.46,2.5,2.7133,28.40833333,0.323333333,2.098888889,301.4777778,6.319654067,16.34693006,77.2,0
9.17,95,121.36,10.25,6.26,0.305,13.26310345,0.400689655,1.674137931,105.1724138,14.67848428,43.67371943,98.6,0
9.17,46,121.46,9.04,4.09,0.1808,26.88632353,0.585,2.506176471,143.1764706,7.092722759,19.42067881,96.4,0
9.17,59,121.36,1.84,3.11,0.0059,26.74285714,0.58060241,1.245,78.79393574,8.951558844,23.07753527,97.2,0
7.72,62,124.26,2.63,0.71,1.0488,29.5472,0.328,0.663485714,115.0133143,2.996776935,10.06881405,97.11,0
9.17,70,121.36,6.79,2.71,2.4864,23.76334928,0.500760234,2.345294118,133.1076555,12.16802423,32.68405626,100,0
9.17,107,121.36,0,4.05,0.0015,0.020218579,0,0,0.081967213,0.27351187,1.960612149,6.2,0
9.17,114,121.36,8.98,9.65,0.1146,27.5357037,0.58962963,2.15037037,278.5271739,7.512900104,21.76292353,93.9,0
9.17,107,121.36,0.81,4.47,0.1123,4.586603774,0.243301887,0.306603774,11.78301887,8.091539719,19.19843163,78.3,0
9.17,37,121.36,8.5,1.5,0.5965,7.435706522,0.250756303,0.005966387,25.23294355,12.88876537,29.60295687,82.79,0
9.17,76,121.36,7.24,4.26,3.9014,28.4747352,0.422125,0.967617555,187.1606542,6.095912514,24.44497213,97.8,0
9.17,105,121.36,11.34,1.18,2.3108,29.59358696,0.558985507,0.933227092,83.75105072,3.623416444,8.573001993,98.62,0
7.72,111,124.26,0,0.75,1.7343,19.08767123,0.355185185,1.224197531,107.0555556,13.35715596,36.18969534,94.9,0
9.17,112,121.36,4.16,2.32,0.0552,5.907910448,0.468656716,1.214179104,13.76724138,10.99760229,28.51477456,90.2,0
9.17,118,121.36,1.77,1.29,5.5026,29.67363281,0.454492188,0.97953125,214.9516797,3.299286388,20.4179332,89.29,0
7.72,60,124.26,6.4,1.17,1.928,24.16935484,0.428311688,1.371428571,119.3333333,11.12018947,38.64874131,96.2,0
7.72,128,124.26,2.19,4.32,0.9693,8.663040541,0.096829268,0.126158537,59.10365854,13.3627098,9.873577431,71.4,0
7.72,90,124.26,4.85,1.4,0.1932,3.780804598,0.125172414,0.45045977,22.20689655,9.440375956,8.04927039,47.4,0
9.17,115,121.36,3.54,9.23,4.9113,22.97919708,0.78379562,1.362043796,264.2741935,12.41385386,38.94657771,94.7,0
7.72,61,124.26,12.05,4.9,4.8264,28.72442177,0.549553073,2.064916201,299.1340782,4.498970678,16.48188044,97.4,0
7.72,78,124.26,5.31,0.56,5.3544,28.72442177,0.549553073,2.064916201,299.1340782,4.498970678,16.48188044,97.4,0
9.17,109,121.36,3.98,2.71,5.5733,26.5265798,0.456300366,1.975311355,181.5787296,9.676379892,31.65798038,98.38,0
9.17,59,121.4,8.08,4.27,4.7041,22.85756329,0.557928287,1.531513944,167.7629595,12.34351493,36.68036608,99.04,0
9.17,77,121.36,5.2,0.42,1.025,17.12965174,0.491416667,2.254166667,38.23899254,14.47904228,40.63490852,96.21,0
7.72,107,124.26,0,10.48,0.0152,10.38030568,1.167918782,2.14213198,94.2211838,14.10615765,42.99774915,98.9,0
9.17,49,121.36,6.36,1,2.5071,14.14018018,0.3789375,2.137222222,79.44859813,14.75462388,42.5870372,98.4,0
9.17,49,121.36,6.36,1,2.5071,14.14018018,0.3789375,2.137222222,79.44859813,14.75462388,42.5870372,98.4,0
9.17,62,121.36,5.67,0.45,0.1119,16.31502183,0.456521739,1.293726708,33.84192727,14.93418687,43.42395039,99.54,0
9.17,81,121.36,5.48,2.35,1.6876,8.010297872,0.192532468,1.342207792,52.12538226,12.93841126,35.26004549,97.9,0
9.17,95,121.36,0,1,2.6434,13.23448864,0.307916667,0.759652778,103.2201493,14.75686292,40.58092772,99.8,0
9.17,59,121.36,3.87,0.03,1.8497,23.06279188,0.4220625,0.903899371,109.5735294,12.36670018,28.35285504,99.99,0
9.17,92,121.36,9.25,0.68,2.2755,8.947637131,0.350364964,0.934671533,73.54193548,13.67604777,30.7649342,97.2,0
9.17,65,121.36,6.96,2.5,0.4664,20.3597417,0.389778761,1.578053097,74.25905109,13.54701267,38.30986165,93.3,0
9.17,92,121.36,3.23,4.01,4.0564,27.63472492,0.339761092,1.332439024,130.8470645,7.623443273,25.84113114,95.53,0
9.17,75,121.36,6.49,1.47,5.7204,29.33940397,0.616092715,2.596887417,378.8357616,3.702023272,17.91594462,96.99,0
9.17,72,121.36,2.17,1.37,3.2148,25.13146617,0.523735409,2.999143969,120.8716917,10.72127909,32.16950225,97.19,0
9.17,69,121.36,2.38,1.07,2.6242,24.7637,0.39964497,0.854940476,143.45955,11.34510743,28.7604564,97.06,0
7.72,73,124.26,2.43,3.54,0.2576,19.60568966,0.307758621,0.635172414,87.13298851,14.05837637,37.30820307,95.27,0
9.17,46,121.36,5.19,3.12,1.4156,29.60406863,0.555735294,0.843480392,148.2737561,3.677225691,20.09837433,96.08,0
9.17,66,121.36,3.87,1.2,0.4148,19.45164557,0.317575758,0.731212121,43.13033473,14.20856627,32.11866531,99.5,0
7.72,50,124.26,2.11,1.18,1.7499,30.12403409,0.275909091,0.388352273,99.42102273,2.124751328,10.65320737,94.74,0
7.72,36,124.26,4.56,2.47,2.4849,29.89448087,0.518907104,1.287322404,135.7810383,1.755025321,9.50364019,93.77,0
9.17,46,121.36,3.2,2.45,1.0758,15.29022831,0.422619048,1.115775401,54.93247588,14.74715023,35.75431231,93.8,0
7.72,40,124.26,2.33,0.58,1.2698,29.78932203,0.293559322,0.846610169,78.2472043,2.875159401,28.02854357,97.17,0
9.17,108,121.36,5.49,4.81,0.1188,13.74901786,0.392389937,1.016733333,42.34220408,14.54831576,41.56458825,100,0
9.17,94,121.36,7.98,1.39,0.3809,11.41284024,0.353603604,0.748738739,23.82193966,14.05090419,45.40772959,99.54,0
7.72,74,124.26,5.35,0.76,0.8084,21.60597884,0.426197183,2.470633803,42.76386243,13.12538675,34.68704376,99.15,0
9.17,82,121.36,2.59,0.53,0.0281,1.93765625,0.071801802,0.313783784,1.302158273,7.122431656,19.48804351,91.3,0
9.17,118,121.36,2.52,2.32,0.2413,7.984018692,0.447295597,0.877987421,11.9824735,13.20597403,9.921909843,50,0
9.17,83,121.36,8.88,0.82,1.4984,17.82196226,0.456868687,1.939141414,48.32948387,14.46271279,44.38788389,98.21,0
9.17,14,121.36,2.91,1.68,6.9174,27.01409449,0.422564103,2.209396552,272.4279528,8.589774402,27.90123564,96.14,0
7.72,76,124.26,4.19,2.29,4.8133,25.88680645,0.561163636,2.5924,163.4565806,9.939845437,22.53126542,100,0
7.72,27,124.26,2,0.27,0.0776,8.725957447,0.776986301,1.670547945,23.70293478,13.04819889,44.53953941,99.81,0
7.72,52,124.26,8.98,1.5,0.2509,29.43356757,0.356432432,0.954648649,121.6135135,3.886330451,13.28011319,94.95,0
9.17,59,121.36,3.92,0.72,2.0514,22.59610236,0.416766169,1.514972067,80.76070866,12.70741358,33.52352791,99.26,0
9.17,31,121.36,2.11,0.9,2.2526,22.23982379,0.630819672,0.510614754,75.36882943,12.87036426,38.31293358,98.4,0
7.72,90,124.26,1.27,1.61,2.0799,27.83670213,0.518277778,0.145480226,110.6301064,7.4846991,21.56837804,100,0
7.72,80,124.26,1.94,1.61,0.7578,15.46824903,0.372018349,0.431157407,30.00941634,14.72780251,41.08819237,98.3,0
9.17,50,121.36,7.14,2.48,0.2617,5.59626506,0.256352941,0.502470588,11.91338583,11.35836749,30.7374049,90.4,0
9.17,78,121.36,2.23,2.18,0.4537,29.5115508,0.569518717,1.568983957,114.7254545,3.864771864,21.26813736,89.9,0
9.17,68,121.36,2.83,0.71,2.5007,20.65860377,0.408478261,1.489834254,87.74740351,13.89390895,36.99919053,95.13,0
9.17,100,121.36,1.62,0.86,0.4795,12.892,0.372567568,0.623378378,29.43860697,14.38711416,34.64329154,94.07,0
9.17,31,121.36,5.33,6.14,0.483,5.921145833,0.173963964,0.399009009,17.00704225,11.73870194,30.57380224,92.1,0
9.17,105,121.36,6.54,5.38,2.7888,18.39616034,0.432274678,1.829871245,103.4643636,14.26781277,42.08689,100,0
9.17,65,121.36,1.99,2.43,2.4232,28.82789474,0.483405405,1.184162162,127.5492632,5.533347943,23.11385756,96.03,0
9.17,164,121.36,7.3,1.06,1.0282,8.466690647,0.242941176,0.79872549,69.80645161,13.27019475,42.3272797,97.3,0
9.17,56,121.36,6.25,1.77,0.0194,8.069352518,0.167829457,0.3776,5.277419355,13.08379921,35.39945745,100,0
7.72,67,124.26,4.22,5.44,1.7135,29.95146739,0.370543478,0.76451087,181.7783696,2.537406171,21.13603839,95.89,0
9.17,59,121.36,3.42,0.33,2.7928,16.58146597,0.525925926,0.954740741,113.5245528,14.73763874,35.13355855,93.71,0
9.17,81,121.36,4.21,0.9,1.1751,6.46,0.335841584,1.29049505,42.57608696,11.84261809,22.14996868,76.5,0
9.17,65,121.36,6.19,0,0.0258,5.808432836,0.852758621,1.666933333,1.732411765,10.70134254,47.16314507,100,0
7.72,55,124.26,10.69,0.41,0.7062,13.88157143,0.469591837,2.0978125,46.12567568,14.15575564,41.0880105,96.55,0
9.17,58,121.36,0,2.1,0.0235,5.30828125,0.295454545,0.592727273,27.16766467,11.04252304,33.06425508,97.3,0
9.17,16,121.36,5.96,0.79,1.7909,29.8778866,0.525515464,3.089226804,144.9559278,2.089440803,17.74116052,96.86,0
9.17,50,121.36,0,4.72,1.5791,16.39116162,0.433873874,1.071441441,65.07581227,14.90901673,40.90194458,94.4,0
9.17,58,121.36,6.14,6.01,1.2113,20.90985646,0.452649007,0.92384106,94.2507177,13.50273496,30.03180102,85.95,0
9.17,74,121.36,5.74,2.4,2.4786,28.30911917,0.494766839,1.705233161,151.6829534,6.872675725,25.42799143,100,0
9.17,16,121.36,11.59,2.2,1.1614,28.82041935,0.399967742,1.749676375,108.0456774,5.178649736,18.71745946,99.8,0
9.17,95,121.36,5.03,0.27,0.7152,25.22836066,0.496567164,0.534552239,46.06711538,9.968465267,30.52237616,99.14,0
9.17,66,121.36,10.14,0.92,0.9828,25.391,0.3281,1.3704,98.61,10.47901072,40.04250089,97.1,0
9.17,129,121.36,4.99,2.67,1.8729,28.32915194,0.537349823,1.789823322,98.25318182,5.748216312,26.12920136,96.79,0
9.17,65,121.36,3.18,0.73,2.2716,24.68553571,0.768392857,1.512678571,198.1404348,10.84328678,28.03306802,98.2,0
9.17,119,121.36,5.02,2.96,0.7429,19.12484848,0.440909091,1.877272727,117.4242424,13.99470485,37.85208557,98.8,0
9.17,98,121.36,2.67,0.73,1.2456,21.82890909,0.314181818,0.748909091,113.5545455,12.79668315,27.8069391,90.7,0
7.72,35,124.26,8.76,0.07,0.0781,6.448356164,2.147118644,3.783220339,10.69863014,11.66446968,43.59227193,99,0
9.17,107,121.36,9.41,33,0.6835,17.83552632,0.937236842,2.163684211,97.76315789,14.24840009,41.29589307,96.4,0
9.17,99,121.36,6.16,0.4,0.1921,17.16666667,1.845396825,4.252222222,31.23809524,13.42003978,27.06734513,70.6,0
9.17,118,121.36,10.05,2.54,0.036,27.31992366,0.419351145,0.933396947,49.48770992,8.433700232,32.27526885,99.22,0
9.17,60,121.36,3.57,0.61,3.1332,23.90911215,0.584719101,0.98247191,142.4230909,11.57843165,30.95985036,95.83,0
9.17,83,121.36,4.71,3.3,1.6387,13.707,0.317388889,1.189388889,78.77841346,14.60114474,41.78968813,98.5,0
7.72,74,124.26,0,0.75,3.7336,14.9178022,0.504320988,0.520987654,167.5067265,14.53674265,41.12494745,97.9,0
9.17,74,121.36,2.45,1.34,0.6459,19.99580247,0.468641975,0.895061728,83.45679012,12.92958844,38.53492576,97.6,0
9.17,70,121.36,2.42,3.26,0.0426,29.67244635,0.529313305,1.374806867,141.7708155,3.51762392,14.08882257,94.27,0
9.17,69,121.36,2.76,1.03,0.4199,13.4399,0.2236,0.8045,33.608,14.73813774,36.50472605,97.4,0
7.72,62,124.26,5.6,3.26,3.4468,29.05468927,0.21819209,0.995028249,194.7205085,5.628441678,21.35886755,90.73,0
9.17,83,121.36,4.87,1.54,3.5162,29.22159204,0.40761194,1.508606965,174.9534826,3.96537154,16.23612298,97.4,0
7.72,50,124.26,5.29,1.67,0.0007,0.181428571,0.1216,0.1472,0.25,0.677816288,21.87541085,82.8,0
9.17,62,121.36,5.14,0.57,2.2469,29.02441624,0.324467005,1.614263959,114.0447208,4.509414787,19.17020593,100,0
7.72,86,124.26,8.64,2.07,2.8288,29.15879781,0.312021858,2.223387978,154.5933333,3.965562565,9.120301693,97.06,0
9.17,120,121.36,3.16,0.48,0.4954,16.1856,0.45,0.9799,42.21206478,14.85787613,17.00064724,99.6,0
9.17,135,121.36,5.63,7.62,1.3362,22.85713355,0.3781893,1.35768595,136.8667742,12.62305838,37.41026648,97.25,0
7.72,35,124.26,1.26,0.29,0.4311,19.90607143,0.436846847,0.483873874,24.50130682,14.16362809,35.20605785,99.42,0
7.72,80,124.26,9.35,0,1.1457,21.60993007,0.738303571,2.552946429,75.3405618,13.32042478,42.02229324,100,0
9.17,65,121.36,4.49,1.08,2.4032,29.14737113,0.529533679,1.053471503,140.1025128,4.945738816,26.70536523,97.41,0
9.17,76,121.36,4.85,5.81,0.2361,26.69290123,0.556851852,1.16375,116.5764815,9.216063123,33.37478465,98.71,0
9.17,198,121.36,5.46,1.43,5.3026,29.556,0.393096774,2.156225806,171.0409032,3.018676621,17.53297651,98.09,0
7.72,50,124.26,6.76,1.43,5.4681,29.65571429,0.449720497,1.618322981,169.2539441,2.739793342,9.439305203,98.65,0
7.72,53,124.26,3.98,3.32,4.0481,29.90661376,0.525185185,2.547989418,214.1843915,2.001248058,11.78226045,92.11,0
7.72,75,124.26,4.45,4.36,0.2691,29.87494565,0.362717391,0.849891304,111.7548913,2.560291778,16.92475858,97.25,0
7.72,69,124.26,5.5,0.93,1.6792,28.50288591,0.53875,2.645629139,115.1513158,5.521182587,21.18861648,99.14,0
9.17,52,121.36,9.88,1.3,0.4696,21.93517483,0.392480916,1.287137405,39.5120979,13.33239289,42.62916056,99.3,0
9.17,74,121.36,4.17,0.13,0.6704,16.81769634,0.519745763,0.946949153,34.03126904,14.61466884,44.08831023,100,0
9.17,109,121.36,1.65,1.56,0.5931,21.58533981,0.568823529,0.840980392,69.37864078,13.05168886,29.5245367,96.4,0
7.72,128,124.26,1.51,1.25,1.2415,22.56091429,0.378571429,1.513956044,67.10394595,12.13871924,35.27795199,100,0
9.17,78,121.36,3.98,1,2.9586,30.10877395,0.353409962,0.853793103,113.3472414,1.671967298,19.01841557,97.61,0
9.17,102,121.36,4.73,1.48,2.8431,29.74385827,0.495,2.379488189,146.4648819,2.307976732,12.61767297,98.49,0
9.17,85,121.36,4.37,2.18,2.7412,29.48959108,0.661716418,1.638955224,139.0872119,3.048823516,16.88084764,98.54,0
7.72,6,124.26,1.54,1.72,2.2251,28.4915508,0.224254144,0.592320442,118.9926738,6.533763859,22.07434969,99.04,0
9.17,113,121.36,3.04,0.16,0.4402,20.22876923,0.547837838,1.9305,28.83919598,13.41839104,37.86411834,99.99,0
9.17,75,121.36,7.67,0.26,2.5109,29.52633663,0.823872549,3.175441176,123.069951,2.831330655,23.7464032,100,0
9.17,59,121.36,11.28,0.93,2.9005,29.4856872,0.436398104,5.145721393,222.9465877,2.579378825,17.70572987,98.14,0
9.17,133,121.36,3.86,1.61,4.1003,22.51758621,0.437755906,1.355314961,138.3690038,12.67467526,35.77997774,99.9,0
7.72,52,124.26,2.81,11.07,2.0598,25.12502825,0.260454545,0.740514286,116.3668362,10.99035632,32.40879373,100,0
7.72,52,124.26,3.13,1,1.3234,25.41625698,0.249807692,0.829679487,75.50423913,10.53189922,32.15680176,98.43,0
9.17,179,121.36,4.72,1.82,2.2712,22.44533981,0.442151899,1.668860759,126.2135437,12.83540248,34.53504108,98.36,0
9.17,76,121.36,9.45,3.57,4.1878,29.30648829,0.487391304,1.703277592,140.0684615,4.619354676,13.17638193,99.6,0
9.17,71,121.36,3.18,1.92,1.4276,28.62863158,0.622525253,0.943771044,102.047953,5.105186525,20.97658937,98.72,0
7.72,154,124.26,7.27,3.75,5.6779,28.07018868,0.524874214,2.077106918,177.9895611,6.496422114,19.78882454,98.7,0
9.17,78,121.36,1.76,0.47,2.162,24.49467681,0.502846442,1.044307116,80.67011194,10.88916075,32.39739291,99.6,0
9.17,97,121.36,1.99,0.53,1.5597,24.49467681,0.502846442,1.044307116,80.67011194,10.88916075,32.39739291,99.6,0
9.17,58,121.36,8.69,10.61,3.9792,29.93739583,0.384583333,1.4228125,242.1266146,2.122157968,13.72131396,91.07,0
7.72,49,124.26,1.62,2.35,0.7305,29.95494118,0.641941176,0.688352941,74.32017647,2.504031837,21.16508025,98.47,0
7.72,49,124.26,3.3,3.53,0.6978,17.01791908,0.484693878,2.1212,91.65381503,14.84981447,40.05080662,97.42,0
9.17,53,121.36,3.16,3.57,0.0778,21.67263636,0.395981308,1.273669725,26.34545455,13.32222146,41.43810039,100,0
9.17,80,121.36,9.47,0.29,0.546,24.95198198,0.429074074,0.618981481,49.1981982,10.97195953,31.34105621,97.46,0
9.17,114,121.36,6.01,2.29,5.3603,29.13284644,0.44112782,2.571654135,193.6889888,4.26840369,15.94088458,100,0
9.17,121,121.36,3.86,0.06,1.3338,27.92379061,0.267636364,1.965636364,83.8198917,7.151545875,24.2847335,98.94,0
7.72,53,124.26,1.13,1.36,2.6547,29.83435028,0.259830508,0.530738636,149.9781921,3.405176499,19.36651806,91.9,0
9.17,76,121.36,6.55,4.13,1.011,13.13638298,0.36487013,0.906363636,37.40501792,14.59495286,40.63794188,96.6,0
7.72,62,124.26,1.58,1.72,2.0873,29.96371429,0.143714286,0.706742857,117.9362712,2.83649035,22.67475757,93.52,0
9.17,123,121.36,7.86,3.03,0.2446,9.742732919,0.32675,1.2975,37.88537549,13.9199155,28.64896385,96.4,0
9.17,118,121.4,8.05,2.45,1.1025,23.05941935,0.59989726,2.367739726,109.6352903,12.14796251,37.62121652,99,0
9.17,33,121.36,9.57,5.64,0.4885,29.40915254,0.492259887,2.682372881,112.7583051,3.413326634,15.50344034,98.33,0
9.17,77,121.36,4.88,0.54,2.3438,27.99025,0.34078125,1.3184375,73.0291875,7.239791425,32.67604318,98.11,0
9.17,84,121.36,4.53,1.59,3.7821,29.19908213,0.614951923,2.353605769,188.19,3.673370007,17.65814338,97.54,0
9.17,135,121.36,6.47,1.83,3.1471,28.67162252,0.559615385,1.523786408,100.3781731,5.242065957,19.15962336,96.2,0
7.72,62,124.26,2.02,0.24,0.9767,29.51193548,0.302419355,0.797741935,157.6551613,3.919453307,27.37876093,98.47,0
9.17,51,121.36,2.35,0.58,0.286,5.301333333,0.224133333,0.153733333,38.13333333,10.93435601,14.48512166,85.1,0
9.17,53,121.36,11.15,6.55,6.1604,29.72536765,0.535656934,1.467728938,241.4968978,2.313522548,18.51239658,98.44,0
9.17,131,121.36,9.02,1.31,0.0018,0.654761905,0.028571429,0.080952381,0.857142857,3.000495991,21.18895714,97.1,0
9.17,131,121.36,9.02,1.31,0.0018,0.654761905,0.028571429,0.080952381,0.857142857,3.000495991,21.18895714,97.1,0
9.17,129,121.36,4.35,2.24,4.7851,25.92546667,0.425288889,2.3803125,223.0392,9.374198293,27.12131115,100,0
9.17,75,121.36,8.01,0.49,3.2636,29.06808642,0.384382716,3.16962963,202.574321,3.752830407,10.71468335,97.83,0
9.17,128,121.36,7.8,2.47,0.5266,20.51359375,0.389375,0.2503125,95.1875,13.60622528,40.60590623,97.8,0
9.17,66,121.36,0,1.64,3.4163,24.40685714,0.367928571,1.336285714,269.5571429,11.69784615,17.42901262,92.6,0
9.17,98,121.36,2.46,0.63,0.1727,9.362658228,0.126455696,0.696835443,21.86075949,13.64674759,28.70835708,96.6,0
9.17,112,121.36,11.91,0.58,0.8761,21.13146226,0.388878924,0.988858447,35.74430894,12.8793487,41.50235253,100,0
9.17,108,121.36,4.93,0.9,0.441,27.95057692,0.441538462,3.468653846,85.13461538,6.644580989,18.14675833,97.9,0
9.17,82,121.36,3.24,1.45,4.2423,28.96812865,0.451461988,2.726900585,248.0939181,4.025941469,21.49861224,78.88,0
7.72,40,124.26,1.8,1.97,0.4384,29.21901961,0.258431373,0.538823529,86.23568627,3.921989421,22.92761348,87.13,0
7.72,20,124.26,0.9,0.87,1.1074,29.75881944,0.336597222,0.407083333,76.90229167,3.337422165,19.01931399,89.36,0
9.17,90,121.36,3.98,1.48,1.5257,28.29540984,0.368064516,0.857741935,134.0516129,6.47684983,17.46515081,98.24,0
9.17,71,121.36,4.47,0.25,0.0634,25.6885,0.3225,1.25,31.7,8.697425073,14.76798621,99.2,0
9.17,156,121.36,5.76,5,0.8972,28.65908046,0.578390805,3.104597701,118.3958621,5.565899838,11.1325604,97.9,0
7.72,65,124.26,4.9,3.29,0.7493,29.17119658,0.458205128,1.421284404,112.7173729,4.441811948,21.14456942,95.61,0
9.17,52,121.36,7.8,2.65,2.7693,28.99943609,0.768421053,3.063984962,104.1084962,4.176866396,9.968912296,97.53,0
9.17,61,121.36,4,0.76,0.7708,24.53098361,0.342612613,1.574594595,56.31771429,10.65512591,37.36191567,100,0
9.17,40,121.36,11.97,10,0.0517,19.77528736,0.348850575,0.856091954,68.35551724,13.55663957,31.71383132,92.07,0
9.17,39,121.36,4.37,6.67,0.5658,19.77528736,0.348850575,0.856091954,68.35551724,13.55663957,31.71383132,92.07,0
9.17,82,121.36,3.85,0.6,2.7715,29.35701863,0.388509317,2.197204969,172.1640373,3.908364883,27.55826025,98.65,0
7.72,108,124.26,2.2,1.9,5.3811,29.80238889,0.361104972,1.503480663,297.2823757,2.780852199,22.69921808,96.74,0
9.17,112,121.36,6.43,0.87,3.295,27.85539604,0.42029703,2.277178218,163.1289109,6.680527662,19.39258315,98.57,0
9.17,124,121.36,2.11,1.56,1.2629,29.1612069,0.458448276,1.932931034,130.0103419,3.779023834,21.38530205,98.2,0
9.17,109,121.36,7.58,5.67,0.9369,25.22863636,0.606136364,1.683409091,230.9545455,9.490952997,29.94677025,97.1,0
9.17,88,121.36,9.19,0.44,0.098,22.875,0.842857143,3.585714286,122.5,10.65199512,48.34499038,96.7,0
9.17,97,121.36,2.58,1.64,3.1081,29.12287879,0.496590909,1.072007576,118.8673585,5.30290451,30.72469254,97.3,0
7.72,40,124.26,1.68,2.86,0.0169,18.4875,0.325,1.1875,49,13.79258587,3.09845526,92.7,0
7.72,60,124.26,1.45,2.73,0.1095,26.84,0.333333333,0.085555556,126.2222222,6.704015588,16.94814665,55.43,0
9.17,84,121.36,7.12,3.36,2.3954,27.84669811,0.500849057,1.807075472,239.5943396,6.202503906,35.10319066,95.9,0
7.72,58,124.26,2.7,1.48,0.1088,21.48384615,1.7775,2.806842105,8.778790323,12.96474973,28.36990282,98.5,0
9.17,84,121.36,7.8,0.52,1.5095,26.37437788,0.427453704,0.889198113,69.58059908,9.897746129,30.81925673,99.99,0
9.17,105,121.36,3.09,5.62,2.0323,28.99308989,0.299942529,0.934969697,116.8637297,5.322390292,28.21374601,93.1,0
9.17,69,121.36,1.05,7,0.1019,28.365,0.216351351,0.291621622,108.4555405,5.768893973,14.48717011,91.38,0
9.17,47,121.36,5.79,0.63,1.0261,25.98468966,0.402827586,1.832689655,70.76986207,10.11574605,32.65248909,99.04,0
9.17,46,121.36,1.35,1.22,0.7855,21.19175,0.378416667,0.389485981,36.35457249,13.81288142,28.75332723,97.1,0
9.17,119,121.36,1.68,1.52,2.8203,28.62051471,0.578823529,1.032074074,218.9256204,5.110639928,18.14834821,99.1,0
9.17,123,121.36,6.46,5.47,0.0381,7.175833333,0.189583333,0.11625,32.25,12.45559903,36.45589926,89.2,0
9.17,100,121.36,2.41,4.64,2.3506,29.12991379,0.565603448,0.594141414,204.7696581,4.534269414,21.37588706,93.33,0
9.17,89,121.36,7.51,0.5,1.083,29.663125,0.442827225,2.072198953,56.42682292,3.520675451,10.96568859,98.54,0
7.72,62,124.26,2.51,0.63,0.4198,28.66613636,0.316666667,1.045444444,65.46897959,4.179316457,24.87237279,97.49,0
9.17,76,121.36,6.33,0.58,0.3121,20.80490385,0.341444444,2.663777778,23.82419847,13.36157569,46.52198616,100,0
9.17,74,121.36,3.27,0.16,1.2203,29.23628743,0.643571429,0.688154762,72.62845238,3.888403285,18.09906172,93.63,0
9.17,77,121.36,3.27,0.16,1.2203,29.23628743,0.643571429,0.688154762,72.62845238,3.888403285,18.09906172,93.63,0
9.17,54,121.36,8.69,4.23,0.1278,12.06225,0.317647059,0.791176471,27.32615385,14.1469715,46.1745283,98.99,0
9.17,84,121.36,3.97,0.18,2.3678,28.32629834,0.499889503,1.241436464,130.0982967,5.630611581,13.87040558,97.56,0
7.72,81,124.26,2.51,0.51,0.328,29.13533333,0.313333333,0.583777778,71.31565217,5.228008747,15.32700565,98.38,0
9.17,150,121.36,7.95,1.07,2.7798,28.90405172,0.426077586,1.783363229,118.792265,4.485768159,32.91989203,97.23,0
9.17,50,121.36,3.53,2.06,0.068,4.012692308,0.078846154,0.376923077,13.13461538,9.620173884,18.513111,96.3,0
9.17,53,121.36,8.06,3.78,1.4516,27.87835616,0.481741071,0.527321429,110.911875,6.910632948,27.2288572,100,0
9.17,113,121.36,9.43,1.14,3.0727,29.59066667,0.467285714,1.634428571,147.6475238,3.0197385,10.34452374,98.07,0
9.17,76,121.36,2.34,2.03,0.0075,5.744590164,0.155833333,0.103,17.13114754,11.33873223,27.27412611,82.5,0
9.17,76,121.36,5.19,3.56,1.4988,29.04929936,0.43068323,1.430496894,131.6768712,3.942648809,23.02032003,100,0
9.17,118,121.36,6.28,0.55,1.699,29.25817073,0.402515337,1.005864198,117.4769512,3.691472391,27.57819395,100,0
9.17,50,121.36,3.76,0.62,0.7665,19.35775701,0.468,0.5066,38.51758794,13.94580686,37.28850379,93.8,0
